<?xml version="1.0" encoding="UTF-8"?>
<project-private xmlns="http://www.netbeans.org/ns/project-private/1">
    <editor-bookmarks xmlns="http://www.netbeans.org/ns/editor-bookmarks/2" lastBookmarkId="0"/>
    <open-files xmlns="http://www.netbeans.org/ns/projectui-open-files/2">
        <group>
            <file>file:/Users/lalocura007/Documents/POOP8/src/claseAbstracta/Poligono.java</file>
            <file>file:/Users/lalocura007/Documents/POOP8/src/herencia/Triangulo.java</file>
            <file>file:/Users/lalocura007/Documents/POOP8/src/interfaz/POOP83.java</file>
            <file>file:/Users/lalocura007/Documents/POOP8/src/interfaz/Flauta.java</file>
            <file>file:/Users/lalocura007/Documents/POOP8/src/POOP84.java</file>
            <file>file:/Users/lalocura007/Documents/POOP8/src/interfaz/InstrumentoViento.java</file>
            <file>file:/Users/lalocura007/Documents/POOP8/src/herencia/POOP8.java</file>
            <file>file:/Users/lalocura007/Documents/POOP8/src/herencia/Cuadrilatero.java</file>
            <file>file:/Users/lalocura007/Documents/POOP8/src/claseAbstracta/Cuadrilatero.java</file>
            <file>file:/Users/lalocura007/Documents/POOP8/src/AtributosInterfaz/Meses.java</file>
            <file>file:/Users/lalocura007/Documents/POOP8/src/claseAbstracta/Triangulo.java</file>
            <file>file:/Users/lalocura007/Documents/POOP8/src/claseAbstracta/POO82.java</file>
            <file>file:/Users/lalocura007/Documents/POOP8/src/interfaz/InstrumentoMusical.java</file>
            <file>file:/Users/lalocura007/Documents/POOP8/src/herencia/Poligono.java</file>
        </group>
    </open-files>
</project-private>
